CREATE TABLE WIN_TYPE
(
    ID          INTEGER PRIMARY KEY,
    DESCRIPTION VARCHAR2(100)
);

INSERT INTO WIN_TYPE (ID, DESCRIPTION) VALUES (1, 'Knock-out');
INSERT INTO WIN_TYPE (ID, DESCRIPTION) VALUES (2, 'Normal');
INSERT INTO WIN_TYPE (ID, DESCRIPTION) VALUES (3, 'Draw');
INSERT INTO WIN_TYPE (ID, DESCRIPTION) VALUES (4, 'Injury');


--

CREATE TABLE LEAGUE
(
    ID          INTEGER PRIMARY KEY,
    NAME        VARCHAR2(100),
    DESCRIPTION VARCHAR2(500),
    START_DATE  DATE,
    END_DATE    DATE
);


INSERT INTO League (ID, NAME, DESCRIPTION, START_DATE, END_DATE)
VALUES (1, 'Championship League', 'Annual boxing championship', TO_DATE('2024-01-01', 'YYYY-MM-DD'), TO_DATE('2024-04-01', 'YYYY-MM-DD'));
INSERT INTO League (ID, NAME, DESCRIPTION, START_DATE, END_DATE)
VALUES (2, 'Regional League', 'Regional boxing competition', TO_DATE('2024-02-01', 'YYYY-MM-DD'),  TO_DATE('2024-05-01', 'YYYY-MM-DD'));
INSERT INTO League (ID, NAME, DESCRIPTION, START_DATE, END_DATE)
VALUES (3, 'International League', 'Global boxing tournament', TO_DATE('2024-03-01', 'YYYY-MM-DD'), TO_DATE('2024-06-01', 'YYYY-MM-DD'));
--

CREATE TABLE WEIGHT_CLASS
(
    ID          INTEGER PRIMARY KEY,
    NAME        VARCHAR2(100),
    DESCRIPTION VARCHAR2(500),
    UPPER_LIMIT DECIMAL(10, 2),
    LOWER_LIMIT DECIMAL(10, 2)
);


INSERT INTO Weight_Class (ID, NAME, DESCRIPTION, UPPER_LIMIT, LOWER_LIMIT) VALUES (1, 'Heavyweight', 'Over 200 lbs', 300, 201);
INSERT INTO Weight_Class (ID, NAME, DESCRIPTION, UPPER_LIMIT, LOWER_LIMIT) VALUES (2, 'Middleweight', '150-160 lbs', 160, 150);
INSERT INTO Weight_Class (ID, NAME, DESCRIPTION, UPPER_LIMIT, LOWER_LIMIT) VALUES (3, 'Lightweight', '135-145 lbs', 145, 135);
INSERT INTO Weight_Class (ID, NAME, DESCRIPTION, UPPER_LIMIT, LOWER_LIMIT) VALUES (4, 'Welterweight', '145-155 lbs', 155, 145);
INSERT INTO Weight_Class (ID, NAME, DESCRIPTION, UPPER_LIMIT, LOWER_LIMIT) VALUES (5, 'Featherweight', '125-135 lbs', 135, 125);


--

CREATE TABLE SPONSOR
(
    ID          INTEGER PRIMARY KEY,
    NAME        VARCHAR2(100),
    DESCRIPTION VARCHAR2(500),
    MONEY       DECIMAL(10, 2)
);

INSERT INTO SPONSOR (ID, NAME, DESCRIPTION, MONEY) VALUES (1, 'ABC Corp', 'Financial sponsor', 1000.25);
INSERT INTO SPONSOR (ID, NAME, DESCRIPTION, MONEY) VALUES (2, 'XYZ Inc', 'Equipment sponsor', 500.24);
INSERT INTO SPONSOR (ID, NAME, DESCRIPTION, MONEY) VALUES (3, 'Sports Gear Ltd', 'Clothing sponsor', 950);
INSERT INTO SPONSOR (ID, NAME, DESCRIPTION, MONEY) VALUES (4, 'Nutrition Plus', 'Nutrition sponsor', 1500.24);
INSERT INTO SPONSOR (ID, NAME, DESCRIPTION, MONEY) VALUES (5, 'Tech Solutions', 'Technology sponsor', 990.21);

----


CREATE TABLE TRAINER
(
    ID      INTEGER PRIMARY KEY,
    NAME    VARCHAR2(100),
    SURNAME VARCHAR2(100),
    AGE     DATE
);


INSERT INTO TRAINER (ID, NAME, SURNAME, AGE) VALUES (1, 'John', 'Doe', TO_DATE('1987-01-01', 'YYYY-MM-DD'));
INSERT INTO TRAINER (ID, NAME, SURNAME, AGE) VALUES (2, 'Jane', 'Smith', TO_DATE('1994-01-01', 'YYYY-MM-DD'));
INSERT INTO TRAINER (ID, NAME, SURNAME, AGE) VALUES (3, 'Alice', 'Johnson', TO_DATE('1981-01-01', 'YYYY-MM-DD'));
INSERT INTO TRAINER (ID, NAME, SURNAME, AGE) VALUES (4, 'Bob', 'Williams', TO_DATE('1989-01-01', 'YYYY-MM-DD'));
INSERT INTO TRAINER (ID, NAME, SURNAME, AGE) VALUES (5, 'Eva', 'Miller', TO_DATE('1996-01-01', 'YYYY-MM-DD'));


---


CREATE TABLE BOXER
(
    ID              INTEGER PRIMARY KEY,
    NAME            VARCHAR2(100),
    SURNAME         VARCHAR2(100),
    AGE             DATE,
    WEIGHT          DECIMAL(10, 2),
    WEIGHT_CLASS_ID INTEGER,
    TRAINER_ID      INTEGER,
    FOREIGN KEY (TRAINER_ID) REFERENCES TRAINER (ID),
    FOREIGN KEY (WEIGHT_CLASS_ID) REFERENCES WEIGHT_CLASS (ID)
);

INSERT INTO BOXER (ID, NAME, SURNAME, AGE, WEIGHT, WEIGHT_CLASS_ID, TRAINER_ID) VALUES (1, 'Mike', 'Tyson', TO_DATE('1991-01-01', 'YYYY-MM-DD'), 250.8, 1, 1);
INSERT INTO BOXER (ID, NAME, SURNAME, AGE, WEIGHT, WEIGHT_CLASS_ID, TRAINER_ID) VALUES (2, 'Muhammad', 'Ali', TO_DATE('1989-01-01', 'YYYY-MM-DD'), 155.3, 2, 2);
INSERT INTO BOXER (ID, NAME, SURNAME, AGE, WEIGHT, WEIGHT_CLASS_ID, TRAINER_ID) VALUES (3, 'George', 'Foreman', TO_DATE('1976-01-01', 'YYYY-MM-DD'), 260.4, 1, 1);
INSERT INTO BOXER (ID, NAME, SURNAME, AGE, WEIGHT, WEIGHT_CLASS_ID, TRAINER_ID) VALUES (4, 'Floyd', 'Mayweather', TO_DATE('1993-01-01', 'YYYY-MM-DD'), 152.2, 2, 2);
INSERT INTO BOXER (ID, NAME, SURNAME, AGE, WEIGHT, WEIGHT_CLASS_ID, TRAINER_ID) VALUES (5, 'Manny', 'Pacquiao', TO_DATE('1986-01-01', 'YYYY-MM-DD'), 290.4, 1, 3);
INSERT INTO BOXER (ID, NAME, SURNAME, AGE, WEIGHT, WEIGHT_CLASS_ID, TRAINER_ID) VALUES (6, 'Canelo', 'Alvarez', TO_DATE('1992-01-01', 'YYYY-MM-DD'), 156.8, 2, 4);
INSERT INTO BOXER (ID, NAME, SURNAME, AGE, WEIGHT, WEIGHT_CLASS_ID, TRAINER_ID) VALUES (7, 'Miguel', 'Cotto', TO_DATE('1984-01-01', 'YYYY-MM-DD'), 149.8, 4, 3);
INSERT INTO BOXER (ID, NAME, SURNAME, AGE, WEIGHT, WEIGHT_CLASS_ID, TRAINER_ID) VALUES (8, 'Vasyl', 'Lomachenko', TO_DATE('1989-01-01', 'YYYY-MM-DD'), 138.1, 3, 5);
INSERT INTO BOXER (ID, NAME, SURNAME, AGE, WEIGHT, WEIGHT_CLASS_ID, TRAINER_ID) VALUES (9, 'Terence', 'Crawford', TO_DATE('1992-01-01', 'YYYY-MM-DD'), 146.4, 4, 4);
INSERT INTO BOXER (ID, NAME, SURNAME, AGE, WEIGHT, WEIGHT_CLASS_ID, TRAINER_ID) VALUES (10, 'Gennady', 'Golovkin', TO_DATE('1982-01-01', 'YYYY-MM-DD'), 153.7, 2, 1);
INSERT INTO BOXER (ID, NAME, SURNAME, AGE, WEIGHT, WEIGHT_CLASS_ID, TRAINER_ID) VALUES (11, 'Connor', 'McGregor', TO_DATE('1988-05-01', 'YYYY-MM-DD'), 139.7, 2, 1);


---

CREATE TABLE Record
(
    ID           INTEGER PRIMARY KEY,
    WINS         INTEGER,
    LOSES        INTEGER,
    MATCH_PLAYED INTEGER,
    DRAW         INTEGER,
    FOREIGN KEY (ID) REFERENCES Boxer (ID)
);

INSERT INTO Record (ID, WINS, LOSES, MATCH_PLAYED, DRAW) VALUES (1, 8, 2, 15, 5);
INSERT INTO Record (ID, WINS, LOSES, MATCH_PLAYED, DRAW) VALUES (2, 10, 2, 13, 1);
INSERT INTO Record (ID, WINS, LOSES, MATCH_PLAYED, DRAW) VALUES (3, 6, 2, 11, 3);
INSERT INTO Record (ID, WINS, LOSES, MATCH_PLAYED, DRAW) VALUES (4, 14, 1, 17, 2);
INSERT INTO Record (ID, WINS, LOSES, MATCH_PLAYED, DRAW) VALUES (5, 15, 3, 21, 3);
INSERT INTO Record (ID, WINS, LOSES, MATCH_PLAYED, DRAW) VALUES (6, 18, 2, 20, 0);
INSERT INTO Record (ID, WINS, LOSES, MATCH_PLAYED, DRAW) VALUES (7, 20, 5, 25, 0);
INSERT INTO Record (ID, WINS, LOSES, MATCH_PLAYED, DRAW) VALUES (8, 14, 1, 16, 1);
INSERT INTO Record (ID, WINS, LOSES, MATCH_PLAYED, DRAW) VALUES (9, 16, 2, 19, 1);
INSERT INTO Record (ID, WINS, LOSES, MATCH_PLAYED, DRAW) VALUES (10, 20, 2, 25, 3);
INSERT INTO Record (ID, WINS, LOSES, MATCH_PLAYED, DRAW) VALUES (11, 25, 11, 37, 1);



----


CREATE TABLE BOXER_SPONSOR
(
    ID           INTEGER PRIMARY KEY,
    BOXER_ID     INTEGER,
    SPONSOR_ID   INTEGER,
    SIGNING_DATE DATE,
    FOREIGN KEY (BOXER_ID) REFERENCES BOXER (ID),
    FOREIGN KEY (SPONSOR_ID) REFERENCES SPONSOR (ID)
);


INSERT INTO BOXER_SPONSOR (ID, BOXER_ID, SPONSOR_ID, SIGNING_DATE)
VALUES (1, 1, 1, TO_DATE('2022-03-15', 'YYYY-MM-DD'));
INSERT INTO BOXER_SPONSOR (ID, BOXER_ID, SPONSOR_ID, SIGNING_DATE)
VALUES (2, 2, 2, TO_DATE('2022-04-20', 'YYYY-MM-DD'));
INSERT INTO BOXER_SPONSOR (ID, BOXER_ID, SPONSOR_ID, SIGNING_DATE)
VALUES (3, 3, 3, TO_DATE('2022-05-25', 'YYYY-MM-DD'));
INSERT INTO BOXER_SPONSOR (ID, BOXER_ID, SPONSOR_ID, SIGNING_DATE)
VALUES (4, 4, 4, TO_DATE('2022-06-30', 'YYYY-MM-DD'));
INSERT INTO BOXER_SPONSOR (ID, BOXER_ID, SPONSOR_ID, SIGNING_DATE)
VALUES (5, 5, 5, TO_DATE('2022-07-05', 'YYYY-MM-DD'));
INSERT INTO BOXER_SPONSOR (ID, BOXER_ID, SPONSOR_ID, SIGNING_DATE)
VALUES (6, 6, 1, TO_DATE('2022-08-10', 'YYYY-MM-DD'));
INSERT INTO BOXER_SPONSOR (ID, BOXER_ID, SPONSOR_ID, SIGNING_DATE)
VALUES (7, 7, 2, TO_DATE('2022-09-15', 'YYYY-MM-DD'));
INSERT INTO BOXER_SPONSOR (ID, BOXER_ID, SPONSOR_ID, SIGNING_DATE)
VALUES (8, 8, 3, TO_DATE('2022-10-20', 'YYYY-MM-DD'));
INSERT INTO BOXER_SPONSOR (ID, BOXER_ID, SPONSOR_ID, SIGNING_DATE)
VALUES (9, 9, 4, TO_DATE('2022-11-25', 'YYYY-MM-DD'));
INSERT INTO BOXER_SPONSOR (ID, BOXER_ID, SPONSOR_ID, SIGNING_DATE)
VALUES (10, 10, 5, TO_DATE('2022-12-30', 'YYYY-MM-DD'));
INSERT INTO BOXER_SPONSOR (ID, BOXER_ID, SPONSOR_ID, SIGNING_DATE)
VALUES (11, 11, 4, TO_DATE('2022-10-11', 'YYYY-MM-DD'));
INSERT INTO BOXER_SPONSOR (ID, BOXER_ID, SPONSOR_ID, SIGNING_DATE)
VALUES (12, 11, 3, TO_DATE('2022-10-11', 'YYYY-MM-DD'));


---

CREATE TABLE WEIGHT_CLASS_LEAGUE
(
    ID              INTEGER PRIMARY KEY,
    LEAGUE_ID       INTEGER,
    WEIGHT_CLASS_ID INTEGER,
    FOREIGN KEY (LEAGUE_ID) REFERENCES LEAGUE (ID),
    FOREIGN KEY (WEIGHT_CLASS_ID) REFERENCES WEIGHT_CLASS (ID)
);

INSERT INTO Weight_Class_League (ID, LEAGUE_ID, WEIGHT_CLASS_ID)
VALUES (1, 1, 1);
INSERT INTO Weight_Class_League (ID, LEAGUE_ID, WEIGHT_CLASS_ID)
VALUES (2, 1, 2);
INSERT INTO Weight_Class_League (ID, LEAGUE_ID, WEIGHT_CLASS_ID)
VALUES (3, 2, 3);
INSERT INTO Weight_Class_League (ID, LEAGUE_ID, WEIGHT_CLASS_ID)
VALUES (4, 2, 4);
INSERT INTO Weight_Class_League (ID, LEAGUE_ID, WEIGHT_CLASS_ID)
VALUES (5, 3, 5);
INSERT INTO Weight_Class_League (ID, LEAGUE_ID, WEIGHT_CLASS_ID)
VALUES (6, 2, 2);
INSERT INTO Weight_Class_League (ID, LEAGUE_ID, WEIGHT_CLASS_ID)
VALUES (7, 3, 4);
INSERT INTO Weight_Class_League (ID, LEAGUE_ID, WEIGHT_CLASS_ID)
VALUES (8, 3, 3);
INSERT INTO Weight_Class_League (ID, LEAGUE_ID, WEIGHT_CLASS_ID)
VALUES (9, 1, 4);
INSERT INTO Weight_Class_League (ID, LEAGUE_ID, WEIGHT_CLASS_ID)
VALUES (10, 2, 2);


---

CREATE TABLE MATCH
(
    ID              INTEGER PRIMARY KEY,
    MATCH_DATE      DATE,
    PLACE           VARCHAR2(100),
    WEIGHT_CLASS_ID INTEGER,
    BOXER_1_ID      INTEGER,
    BOXER_2_ID      INTEGER,
    WIN_TYPE_ID     INTEGER,
    WINNER_ID       INTEGER,
    LOSER_ID        INTEGER,
    FOREIGN KEY (WEIGHT_CLASS_ID) REFERENCES WEIGHT_CLASS (ID),
    FOREIGN KEY (BOXER_1_ID) REFERENCES BOXER (ID),
    FOREIGN KEY (BOXER_2_ID) REFERENCES BOXER (ID),
    FOREIGN KEY (WIN_TYPE_ID) REFERENCES WIN_TYPE (ID)
);

INSERT INTO MATCH (ID, MATCH_DATE, PLACE, WEIGHT_CLASS_ID, BOXER_1_ID, BOXER_2_ID, WIN_TYPE_ID, WINNER_ID, LOSER_ID)
VALUES (1, TO_DATE('2024-01-10', 'YYYY-MM-DD'), 'Arena A', 1, 1, 3, 1, 1, 3);
INSERT INTO MATCH (ID, MATCH_DATE, PLACE, WEIGHT_CLASS_ID, BOXER_1_ID, BOXER_2_ID, WIN_TYPE_ID, WINNER_ID, LOSER_ID)
VALUES (2, TO_DATE('2024-01-15', 'YYYY-MM-DD'), 'Stadium B', 2, 2, 10, 4, null, null);
INSERT INTO MATCH (ID, MATCH_DATE, PLACE, WEIGHT_CLASS_ID, BOXER_1_ID, BOXER_2_ID, WIN_TYPE_ID, WINNER_ID, LOSER_ID)
VALUES (3, TO_DATE('2024-02-01', 'YYYY-MM-DD'), 'Arena C', 1, 3, 5, 2, 3, 5);
INSERT INTO MATCH (ID, MATCH_DATE, PLACE, WEIGHT_CLASS_ID, BOXER_1_ID, BOXER_2_ID, WIN_TYPE_ID, WINNER_ID, LOSER_ID)
VALUES (4, TO_DATE('2024-02-10', 'YYYY-MM-DD'), 'Stadium D', 2, 4, 2, 4, null, null);
INSERT INTO MATCH (ID, MATCH_DATE, PLACE, WEIGHT_CLASS_ID, BOXER_1_ID, BOXER_2_ID, WIN_TYPE_ID, WINNER_ID, LOSER_ID)
VALUES (5, TO_DATE('2024-02-20', 'YYYY-MM-DD'), 'Arena E', 1, 5, 1, 2, 5, 1);
INSERT INTO MATCH (ID, MATCH_DATE, PLACE, WEIGHT_CLASS_ID, BOXER_1_ID, BOXER_2_ID, WIN_TYPE_ID, WINNER_ID, LOSER_ID)
VALUES (6, TO_DATE('2024-03-10', 'YYYY-MM-DD'), 'Stadium F', 2, 6, 4, 3, null, null);
INSERT INTO MATCH (ID, MATCH_DATE, PLACE, WEIGHT_CLASS_ID, BOXER_1_ID, BOXER_2_ID, WIN_TYPE_ID, WINNER_ID, LOSER_ID)
VALUES (7, TO_DATE('2024-03-15', 'YYYY-MM-DD'), 'Arena G', 4, 7, 9, 3, null, null);
INSERT INTO MATCH (ID, MATCH_DATE, PLACE, WEIGHT_CLASS_ID, BOXER_1_ID, BOXER_2_ID, WIN_TYPE_ID, WINNER_ID, LOSER_ID)
VALUES (8, TO_DATE('2024-04-01', 'YYYY-MM-DD'), 'Stadium H', 3, 8, 11, 2, 8, 11);
INSERT INTO MATCH (ID, MATCH_DATE, PLACE, WEIGHT_CLASS_ID, BOXER_1_ID, BOXER_2_ID, WIN_TYPE_ID, WINNER_ID, LOSER_ID)
VALUES (9, TO_DATE('2024-04-10', 'YYYY-MM-DD'), 'Arena I', 4, 9, 7, 2, 9, 7);
INSERT INTO MATCH (ID, MATCH_DATE, PLACE, WEIGHT_CLASS_ID, BOXER_1_ID, BOXER_2_ID, WIN_TYPE_ID, WINNER_ID, LOSER_ID)
VALUES (10, TO_DATE('2024-04-20', 'YYYY-MM-DD'), 'Stadium J', 2, 10, 6, 2, 10, 6);


